ID,AMT,TIME,DV,CMT,MDV,RATE,BWT
1,4.02,0,0,1,1,0,79.6
1,0,0.00001,0.74,1,0,0,79.6
1,0,0.25,2.84,1,0,0,79.6
1,0,0.57,6.57,1,0,0,79.6
1,0,1.12,10.5,1,0,0,79.6
1,0,2.02,9.66,1,0,0,79.6
1,0,3.82,8.58,1,0,0,79.6
1,0,5.1,8.36,1,0,0,79.6
1,0,7.03,7.47,1,0,0,79.6
1,0,9.05,6.89,1,0,0,79.6
1,0,12.12,5.94,1,0,0,79.6
1,0,23.99,3.28,1,0,0,79.6
1,4.02,24,0,1,1,0,79.6
1,0,24.00001,0.74,1,0,0,79.6
1,0,24.25,2.84,1,0,0,79.6
1,0,24.57,6.57,1,0,0,79.6
1,0,25.12,10.5,1,0,0,79.6
1,0,26.02,9.66,1,0,0,79.6
1,0,27.82,8.58,1,0,0,79.6
1,0,29.1,8.36,1,0,0,79.6
1,0,31.03,7.47,1,0,0,79.6
1,0,33.05,6.89,1,0,0,79.6
1,0,36.12,5.94,1,0,0,79.6
1,0,47.99,3.28,1,0,0,79.6
1,4.02,48,0,1,1,0,79.6
1,0,48.00001,0.74,1,0,0,79.6
1,0,48.25,2.84,1,0,0,79.6
1,0,48.57,6.57,1,0,0,79.6
1,0,49.12,10.5,1,0,0,79.6
1,0,50.02,9.66,1,0,0,79.6
1,0,51.82,8.58,1,0,0,79.6
1,0,53.1,8.36,1,0,0,79.6
1,0,55.03,7.47,1,0,0,79.6
1,0,57.05,6.89,1,0,0,79.6
1,0,60.12,5.94,1,0,0,79.6
1,0,71.99,3.28,1,0,0,79.6
1,4.02,72,0,1,1,0,79.6
1,0,72.00001,0.74,1,0,0,79.6
1,0,72.25,2.84,1,0,0,79.6
1,0,72.57,6.57,1,0,0,79.6
1,0,73.12,10.5,1,0,0,79.6
1,0,74.02,9.66,1,0,0,79.6
1,0,75.82,8.58,1,0,0,79.6
1,0,77.1,8.36,1,0,0,79.6
1,0,79.03,7.47,1,0,0,79.6
1,0,81.05,6.89,1,0,0,79.6
1,0,84.12,5.94,1,0,0,79.6
1,0,95.99,3.28,1,0,0,79.6
1,4.02,96,0,1,1,0,79.6
1,0,96.00001,0.74,1,0,0,79.6
1,0,96.25,2.84,1,0,0,79.6
1,0,96.57,6.57,1,0,0,79.6
1,0,97.12,10.5,1,0,0,79.6
1,0,98.02,9.66,1,0,0,79.6
1,0,99.82,8.58,1,0,0,79.6
1,0,101.1,8.36,1,0,0,79.6
1,0,103.03,7.47,1,0,0,79.6
1,0,105.05,6.89,1,0,0,79.6
1,0,108.12,5.94,1,0,0,79.6
1,0,119.99,3.28,1,0,0,79.6
1,4.02,120,0,1,1,0,79.6
1,0,120.00001,0.74,1,0,0,79.6
1,0,120.25,2.84,1,0,0,79.6
1,0,120.57,6.57,1,0,0,79.6
1,0,121.12,10.5,1,0,0,79.6
1,0,122.02,9.66,1,0,0,79.6
1,0,123.82,8.58,1,0,0,79.6
1,0,125.1,8.36,1,0,0,79.6
1,0,127.03,7.47,1,0,0,79.6
1,0,129.05,6.89,1,0,0,79.6
1,0,132.12,5.94,1,0,0,79.6
1,0,143.99,3.28,1,0,0,79.6
1,4.02,144,0,1,1,0,79.6
1,0,144.00001,0.74,1,0,0,79.6
1,0,144.25,2.84,1,0,0,79.6
1,0,144.57,6.57,1,0,0,79.6
1,0,145.12,10.5,1,0,0,79.6
1,0,146.02,9.66,1,0,0,79.6
1,0,147.82,8.58,1,0,0,79.6
1,0,149.1,8.36,1,0,0,79.6
1,0,151.03,7.47,1,0,0,79.6
1,0,153.05,6.89,1,0,0,79.6
1,0,156.12,5.94,1,0,0,79.6
1,0,167.99,3.28,1,0,0,79.6
1,4.02,168,0,1,1,0,79.6
1,0,168.00001,0.74,1,0,0,79.6
1,0,168.25,2.84,1,0,0,79.6
1,0,168.57,6.57,1,0,0,79.6
1,0,169.12,10.5,1,0,0,79.6
1,0,170.02,9.66,1,0,0,79.6
1,0,171.82,8.58,1,0,0,79.6
1,0,173.1,8.36,1,0,0,79.6
1,0,175.03,7.47,1,0,0,79.6
1,0,177.05,6.89,1,0,0,79.6
1,0,180.12,5.94,1,0,0,79.6
1,0,191.99,3.28,1,0,0,79.6
1,4.02,192,0,1,1,0,79.6
1,0,192.00001,0.74,1,0,0,79.6
1,0,192.25,2.84,1,0,0,79.6
1,0,192.57,6.57,1,0,0,79.6
1,0,193.12,10.5,1,0,0,79.6
1,0,194.02,9.66,1,0,0,79.6
1,0,195.82,8.58,1,0,0,79.6
1,0,197.1,8.36,1,0,0,79.6
1,0,199.03,7.47,1,0,0,79.6
1,0,201.05,6.89,1,0,0,79.6
1,0,204.12,5.94,1,0,0,79.6
1,0,215.99,3.28,1,0,0,79.6
1,4.02,216,0,1,1,0,79.6
1,0,216.00001,0.74,1,0,0,79.6
1,0,216.25,2.84,1,0,0,79.6
1,0,216.57,6.57,1,0,0,79.6
1,0,217.12,10.5,1,0,0,79.6
1,0,218.02,9.66,1,0,0,79.6
1,0,219.82,8.58,1,0,0,79.6
1,0,221.1,8.36,1,0,0,79.6
1,0,223.03,7.47,1,0,0,79.6
1,0,225.05,6.89,1,0,0,79.6
1,0,228.12,5.94,1,0,0,79.6
1,0,239.99,3.28,1,0,0,79.6
